date,day_of_week,food_item,temperature,rainfall,is_holiday,event,previous_day_sales,actual_sales,previous_week_avg_sales
2025-01-01,Wednesday,Biryani,26,10,0,Exam,150,122,150.0
2025-01-01,Wednesday,Dosa,26,0,0,Normal,110,127,110.0
2025-01-01,Wednesday,Rice,27,5,0,Normal,80,80,80.0
2025-01-01,Wednesday,Sandwich,34,0,0,Normal,55,52,55.0
2025-01-01,Wednesday,Poha,33,0,0,Normal,70,70,70.0
2025-01-02,Thursday,Biryani,24,5,0,Normal,122,153,122.0
2025-01-02,Thursday,Dosa,23,30,0,Normal,127,105,127.0
2025-01-02,Thursday,Rice,31,2,0,Festival,80,87,80.0
2025-01-02,Thursday,Sandwich,23,0,0,Normal,52,58,52.0
2025-01-02,Thursday,Poha,32,30,0,Festival,70,64,70.0
2025-01-03,Friday,Biryani,33,30,0,Normal,153,141,137.5
2025-01-03,Friday,Dosa,33,0,0,Normal,105,131,116.0
2025-01-03,Friday,Rice,24,2,1,Normal,87,20,83.5
2025-01-03,Friday,Sandwich,32,0,1,Exam,58,10,55.0
2025-01-03,Friday,Poha,31,0,0,Normal,64,77,67.0
2025-01-04,Saturday,Biryani,30,0,0,Normal,141,88,138.66666666666666
2025-01-04,Saturday,Dosa,26,20,0,Normal,131,66,121.0
2025-01-04,Saturday,Rice,24,10,0,Exam,20,29,62.333333333333336
2025-01-04,Saturday,Sandwich,20,0,1,Exam,10,10,40.0
2025-01-04,Saturday,Poha,33,2,0,Normal,77,45,70.33333333333333
2025-01-05,Sunday,Biryani,29,0,0,Exam,88,97,126.0
2025-01-05,Sunday,Dosa,23,20,0,Normal,66,46,107.25
2025-01-05,Sunday,Rice,30,0,1,Normal,29,21,54.0
2025-01-05,Sunday,Sandwich,29,10,0,Exam,10,29,32.5
2025-01-05,Sunday,Poha,31,0,0,Exam,45,29,64.0
2025-01-06,Monday,Biryani,28,0,0,Normal,97,159,120.2
2025-01-06,Monday,Dosa,33,0,0,Normal,46,120,95.0
2025-01-06,Monday,Rice,33,0,0,Normal,21,76,47.4
2025-01-06,Monday,Sandwich,34,0,0,Normal,29,54,31.8
2025-01-06,Monday,Poha,29,30,0,Normal,29,67,57.0
2025-01-07,Tuesday,Biryani,20,0,1,Normal,159,52,126.66666666666667
2025-01-07,Tuesday,Dosa,26,0,1,Normal,120,41,99.16666666666667
2025-01-07,Tuesday,Rice,21,2,0,Normal,76,74,52.166666666666664
2025-01-07,Tuesday,Sandwich,27,0,0,Normal,54,56,35.5
2025-01-07,Tuesday,Poha,23,30,0,Exam,67,54,58.666666666666664
2025-01-08,Wednesday,Biryani,30,0,0,Normal,52,153,116.0
2025-01-08,Wednesday,Dosa,30,0,0,Exam,41,95,90.85714285714286
2025-01-08,Wednesday,Rice,28,5,0,Festival,74,94,55.285714285714285
2025-01-08,Wednesday,Sandwich,20,5,0,Normal,56,70,38.42857142857143
2025-01-08,Wednesday,Poha,26,5,0,Normal,54,73,58.0
2025-01-09,Thursday,Biryani,31,0,1,Festival,153,71,120.42857142857143
2025-01-09,Thursday,Dosa,26,0,0,Normal,95,111,86.28571428571429
2025-01-09,Thursday,Rice,22,20,0,Exam,94,71,57.285714285714285
2025-01-09,Thursday,Sandwich,33,0,0,Normal,70,64,41.0
2025-01-09,Thursday,Poha,32,0,0,Normal,73,71,58.42857142857143
2025-01-10,Friday,Biryani,23,5,0,Normal,71,150,108.71428571428571
2025-01-10,Friday,Dosa,23,0,0,Normal,111,113,87.14285714285714
2025-01-10,Friday,Rice,30,0,0,Normal,71,65,55.0
2025-01-10,Friday,Sandwich,25,30,0,Festival,64,44,41.857142857142854
2025-01-10,Friday,Poha,20,2,0,Normal,71,63,59.42857142857143
2025-01-11,Saturday,Biryani,32,2,0,Exam,150,62,110.0
2025-01-11,Saturday,Dosa,25,0,0,Festival,113,71,84.57142857142857
2025-01-11,Saturday,Rice,20,2,0,Festival,65,51,61.42857142857143
2025-01-11,Saturday,Sandwich,35,20,0,Normal,44,23,46.714285714285715
2025-01-11,Saturday,Poha,28,0,0,Festival,63,37,57.42857142857143
2025-01-12,Sunday,Biryani,34,2,0,Normal,62,94,106.28571428571429
2025-01-12,Sunday,Dosa,20,0,0,Normal,71,55,85.28571428571429
2025-01-12,Sunday,Rice,21,20,1,Normal,51,10,64.57142857142857
2025-01-12,Sunday,Sandwich,28,5,0,Normal,23,26,48.57142857142857
2025-01-12,Sunday,Poha,22,0,0,Normal,37,37,56.285714285714285
2025-01-13,Monday,Biryani,26,5,0,Normal,94,159,105.85714285714286
2025-01-13,Monday,Dosa,29,20,0,Normal,55,112,86.57142857142857
2025-01-13,Monday,Rice,20,20,0,Festival,10,103,63.0
2025-01-13,Monday,Sandwich,35,2,0,Normal,26,58,48.142857142857146
2025-01-13,Monday,Poha,23,0,1,Normal,37,26,57.42857142857143
2025-01-14,Tuesday,Biryani,22,0,0,Normal,159,146,105.85714285714286
2025-01-14,Tuesday,Dosa,24,0,0,Normal,112,98,85.42857142857143
2025-01-14,Tuesday,Rice,25,5,0,Normal,103,77,66.85714285714286
2025-01-14,Tuesday,Sandwich,35,2,0,Normal,58,46,48.714285714285715
2025-01-14,Tuesday,Poha,25,0,0,Normal,26,72,51.57142857142857
2025-01-15,Wednesday,Biryani,20,0,1,Normal,146,48,119.28571428571429
2025-01-15,Wednesday,Dosa,33,0,0,Normal,98,119,93.57142857142857
2025-01-15,Wednesday,Rice,24,20,0,Normal,77,72,67.28571428571429
2025-01-15,Wednesday,Sandwich,27,5,0,Normal,46,61,47.285714285714285
2025-01-15,Wednesday,Poha,26,30,0,Normal,72,68,54.142857142857146
2025-01-16,Thursday,Biryani,22,5,0,Normal,48,158,104.28571428571429
2025-01-16,Thursday,Dosa,24,5,0,Normal,119,105,97.0
2025-01-16,Thursday,Rice,31,0,0,Normal,72,73,64.14285714285714
2025-01-16,Thursday,Sandwich,22,0,0,Normal,61,46,46.0
2025-01-16,Thursday,Poha,22,0,0,Normal,68,80,53.42857142857143
2025-01-17,Friday,Biryani,32,30,0,Normal,158,135,116.71428571428571
2025-01-17,Friday,Dosa,24,10,0,Festival,105,129,96.14285714285714
2025-01-17,Friday,Rice,35,0,0,Normal,73,81,64.42857142857143
2025-01-17,Friday,Sandwich,31,0,0,Exam,46,59,43.42857142857143
2025-01-17,Friday,Poha,28,0,0,Normal,80,58,54.714285714285715
2025-01-18,Saturday,Biryani,22,0,0,Festival,135,92,114.57142857142857
2025-01-18,Saturday,Dosa,31,0,1,Normal,129,10,98.42857142857143
2025-01-18,Saturday,Rice,35,0,0,Normal,81,17,66.71428571428571
2025-01-18,Saturday,Sandwich,30,0,1,Exam,59,24,45.57142857142857
2025-01-18,Saturday,Poha,34,0,0,Normal,58,42,54.0
2025-01-19,Sunday,Biryani,32,20,0,Normal,92,81,118.85714285714286
2025-01-19,Sunday,Dosa,21,0,0,Festival,10,71,89.71428571428571
2025-01-19,Sunday,Rice,35,20,0,Normal,17,41,61.857142857142854
2025-01-19,Sunday,Sandwich,23,0,0,Exam,24,34,45.714285714285715
2025-01-19,Sunday,Poha,25,5,0,Normal,42,26,54.714285714285715
2025-01-20,Monday,Biryani,21,2,0,Normal,81,159,117.0
2025-01-20,Monday,Dosa,32,20,0,Normal,71,103,92.0
2025-01-20,Monday,Rice,31,0,0,Normal,41,75,66.28571428571429
2025-01-20,Monday,Sandwich,25,10,1,Normal,34,18,46.857142857142854
2025-01-20,Monday,Poha,24,30,0,Normal,26,67,53.142857142857146
2025-01-21,Tuesday,Biryani,23,0,0,Normal,159,143,117.0
2025-01-21,Tuesday,Dosa,26,0,0,Festival,103,144,90.71428571428571
2025-01-21,Tuesday,Rice,27,0,0,Normal,75,84,62.285714285714285
2025-01-21,Tuesday,Sandwich,27,0,0,Normal,18,47,41.142857142857146
2025-01-21,Tuesday,Poha,28,0,0,Normal,67,65,59.0
2025-01-22,Wednesday,Biryani,32,5,0,Festival,143,167,116.57142857142857
2025-01-22,Wednesday,Dosa,32,30,0,Normal,144,100,97.28571428571429
2025-01-22,Wednesday,Rice,24,0,0,Exam,84,82,63.285714285714285
2025-01-22,Wednesday,Sandwich,35,30,0,Normal,47,59,41.285714285714285
2025-01-22,Wednesday,Poha,20,20,0,Normal,65,60,58.0
2025-01-23,Thursday,Biryani,20,0,0,Normal,167,163,133.57142857142858
2025-01-23,Thursday,Dosa,22,2,0,Festival,100,134,94.57142857142857
2025-01-23,Thursday,Rice,29,0,0,Normal,82,73,64.71428571428571
2025-01-23,Thursday,Sandwich,23,0,0,Normal,59,48,41.0
2025-01-23,Thursday,Poha,31,0,0,Normal,60,80,56.857142857142854
2025-01-24,Friday,Biryani,21,20,0,Normal,163,134,134.28571428571428
2025-01-24,Friday,Dosa,33,10,0,Normal,134,116,98.71428571428571
2025-01-24,Friday,Rice,33,5,0,Normal,73,77,64.71428571428571
2025-01-24,Friday,Sandwich,31,30,0,Normal,48,43,41.285714285714285
2025-01-24,Friday,Poha,21,0,0,Exam,80,65,56.857142857142854
2025-01-25,Saturday,Biryani,31,0,0,Normal,134,81,134.14285714285714
2025-01-25,Saturday,Dosa,20,2,0,Normal,116,72,96.85714285714286
2025-01-25,Saturday,Rice,21,5,0,Normal,77,29,64.14285714285714
2025-01-25,Saturday,Sandwich,34,0,0,Normal,43,38,39.0
2025-01-25,Saturday,Poha,25,5,0,Normal,65,46,57.857142857142854
2025-01-26,Sunday,Biryani,30,5,0,Normal,81,81,132.57142857142858
2025-01-26,Sunday,Dosa,22,20,0,Normal,72,55,105.71428571428571
2025-01-26,Sunday,Rice,24,2,0,Normal,29,40,65.85714285714286
2025-01-26,Sunday,Sandwich,33,0,0,Normal,38,46,41.0
2025-01-26,Sunday,Poha,27,20,1,Normal,46,11,58.42857142857143
2025-01-27,Monday,Biryani,29,20,0,Normal,81,146,132.57142857142858
2025-01-27,Monday,Dosa,27,2,0,Normal,55,121,103.42857142857143
2025-01-27,Monday,Rice,27,10,0,Normal,40,85,65.71428571428571
2025-01-27,Monday,Sandwich,26,2,0,Normal,46,53,42.714285714285715
2025-01-27,Monday,Poha,29,0,0,Normal,11,69,56.285714285714285
2025-01-28,Tuesday,Biryani,26,0,0,Normal,146,155,130.71428571428572
2025-01-28,Tuesday,Dosa,31,0,0,Normal,121,121,106.0
2025-01-28,Tuesday,Rice,21,0,0,Normal,85,70,67.14285714285714
2025-01-28,Tuesday,Sandwich,27,2,0,Normal,53,61,47.714285714285715
2025-01-28,Tuesday,Poha,35,2,0,Festival,69,82,56.57142857142857
2025-01-29,Wednesday,Biryani,24,30,0,Normal,155,133,132.42857142857142
2025-01-29,Wednesday,Dosa,33,0,0,Normal,121,92,102.71428571428571
2025-01-29,Wednesday,Rice,26,20,0,Normal,70,73,65.14285714285714
2025-01-29,Wednesday,Sandwich,30,20,0,Normal,61,57,49.714285714285715
2025-01-29,Wednesday,Poha,27,10,0,Normal,82,53,59.0
2025-01-30,Thursday,Biryani,32,10,0,Normal,133,163,127.57142857142857
2025-01-30,Thursday,Dosa,22,0,0,Normal,92,118,101.57142857142857
2025-01-30,Thursday,Rice,25,2,0,Normal,73,86,63.857142857142854
2025-01-30,Thursday,Sandwich,30,2,0,Normal,57,71,49.42857142857143
2025-01-30,Thursday,Poha,21,0,0,Normal,53,86,58.0
2025-01-31,Friday,Biryani,24,0,0,Normal,163,160,127.57142857142857
2025-01-31,Friday,Dosa,34,30,0,Festival,118,123,99.28571428571429
2025-01-31,Friday,Rice,33,30,1,Normal,86,31,65.71428571428571
2025-01-31,Friday,Sandwich,35,2,0,Normal,71,53,52.714285714285715
2025-01-31,Friday,Poha,28,10,0,Exam,86,57,58.857142857142854
2025-02-01,Saturday,Biryani,33,2,0,Exam,160,70,131.28571428571428
2025-02-01,Saturday,Dosa,28,5,0,Normal,123,63,100.28571428571429
2025-02-01,Saturday,Rice,20,10,0,Normal,31,48,59.142857142857146
2025-02-01,Saturday,Sandwich,20,0,0,Normal,53,32,54.142857142857146
2025-02-01,Saturday,Poha,25,30,0,Normal,57,22,57.714285714285715
2025-02-02,Sunday,Biryani,35,0,0,Normal,70,86,129.71428571428572
2025-02-02,Sunday,Dosa,32,0,0,Normal,63,73,99.0
2025-02-02,Sunday,Rice,26,0,0,Normal,48,57,61.857142857142854
2025-02-02,Sunday,Sandwich,25,20,0,Exam,32,25,53.285714285714285
2025-02-02,Sunday,Poha,27,5,0,Normal,22,18,54.285714285714285
2025-02-03,Monday,Biryani,32,10,0,Normal,86,151,130.42857142857142
2025-02-03,Monday,Dosa,23,5,0,Exam,73,108,101.57142857142857
2025-02-03,Monday,Rice,25,0,0,Festival,57,106,64.28571428571429
2025-02-03,Monday,Sandwich,31,20,0,Normal,25,60,50.285714285714285
2025-02-03,Monday,Poha,30,30,0,Normal,18,61,55.285714285714285
2025-02-04,Tuesday,Biryani,27,0,0,Exam,151,133,131.14285714285714
2025-02-04,Tuesday,Dosa,22,10,1,Festival,108,42,99.71428571428571
2025-02-04,Tuesday,Rice,26,0,0,Normal,106,83,67.28571428571429
2025-02-04,Tuesday,Sandwich,20,20,0,Normal,60,46,51.285714285714285
2025-02-04,Tuesday,Poha,24,0,0,Normal,61,74,54.142857142857146
2025-02-05,Wednesday,Biryani,22,0,0,Festival,133,191,128.0
2025-02-05,Wednesday,Dosa,21,2,0,Festival,42,128,88.42857142857143
2025-02-05,Wednesday,Rice,30,0,0,Normal,83,81,69.14285714285714
2025-02-05,Wednesday,Sandwich,25,0,0,Exam,46,43,49.142857142857146
2025-02-05,Wednesday,Poha,21,5,0,Festival,74,78,53.0
2025-02-06,Thursday,Biryani,20,2,0,Normal,191,145,136.28571428571428
2025-02-06,Thursday,Dosa,35,0,0,Normal,128,103,93.57142857142857
2025-02-06,Thursday,Rice,22,0,0,Normal,81,89,70.28571428571429
2025-02-06,Thursday,Sandwich,22,0,0,Normal,43,52,47.142857142857146
2025-02-06,Thursday,Poha,21,2,0,Normal,78,67,56.57142857142857
2025-02-07,Friday,Biryani,27,20,1,Normal,145,49,133.71428571428572
2025-02-07,Friday,Dosa,29,20,0,Exam,103,89,91.42857142857143
2025-02-07,Friday,Rice,28,0,0,Normal,89,88,70.71428571428571
2025-02-07,Friday,Sandwich,32,2,0,Normal,52,56,44.42857142857143
2025-02-07,Friday,Poha,27,0,0,Normal,67,78,53.857142857142854
2025-02-08,Saturday,Biryani,27,10,1,Festival,49,31,117.85714285714286
2025-02-08,Saturday,Dosa,26,20,0,Normal,89,46,86.57142857142857
2025-02-08,Saturday,Rice,26,20,0,Exam,88,47,78.85714285714286
2025-02-08,Saturday,Sandwich,20,10,0,Normal,56,36,44.857142857142854
2025-02-08,Saturday,Poha,21,0,0,Exam,78,45,56.857142857142854
2025-02-09,Sunday,Biryani,28,0,0,Festival,31,94,112.28571428571429
2025-02-09,Sunday,Dosa,25,10,0,Normal,46,57,84.14285714285714
2025-02-09,Sunday,Rice,35,0,0,Normal,47,47,78.71428571428571
2025-02-09,Sunday,Sandwich,27,5,0,Normal,36,22,45.42857142857143
2025-02-09,Sunday,Poha,29,2,0,Normal,45,53,60.142857142857146
2025-02-10,Monday,Biryani,30,20,0,Exam,94,128,113.42857142857143
2025-02-10,Monday,Dosa,24,5,0,Normal,57,119,81.85714285714286
2025-02-10,Monday,Rice,29,0,0,Normal,47,79,77.28571428571429
2025-02-10,Monday,Sandwich,32,5,0,Festival,22,78,45.0
2025-02-10,Monday,Poha,29,0,0,Normal,53,79,65.14285714285714
2025-02-11,Tuesday,Biryani,20,0,0,Normal,128,149,110.14285714285714
2025-02-11,Tuesday,Dosa,24,20,0,Festival,119,125,83.42857142857143
2025-02-11,Tuesday,Rice,25,2,0,Festival,79,108,73.42857142857143
2025-02-11,Tuesday,Sandwich,24,2,0,Normal,78,57,47.57142857142857
2025-02-11,Tuesday,Poha,20,2,0,Normal,79,68,67.71428571428571
2025-02-12,Wednesday,Biryani,29,2,0,Normal,149,163,112.42857142857143
2025-02-12,Wednesday,Dosa,27,0,0,Exam,125,96,95.28571428571429
2025-02-12,Wednesday,Rice,24,0,1,Normal,108,26,77.0
2025-02-12,Wednesday,Sandwich,30,20,0,Festival,57,54,49.142857142857146
2025-02-12,Wednesday,Poha,26,2,0,Festival,68,90,66.85714285714286
2025-02-13,Thursday,Biryani,20,5,0,Exam,163,148,108.42857142857143
2025-02-13,Thursday,Dosa,28,20,0,Normal,96,100,90.71428571428571
2025-02-13,Thursday,Rice,35,5,1,Normal,26,25,69.14285714285714
2025-02-13,Thursday,Sandwich,24,2,0,Normal,54,48,50.714285714285715
2025-02-13,Thursday,Poha,27,30,1,Normal,90,27,68.57142857142857
2025-02-14,Friday,Biryani,33,0,0,Normal,148,161,108.85714285714286
2025-02-14,Friday,Dosa,27,0,0,Normal,100,120,90.28571428571429
2025-02-14,Friday,Rice,24,2,0,Normal,25,91,60.0
2025-02-14,Friday,Sandwich,23,10,0,Normal,48,55,50.142857142857146
2025-02-14,Friday,Poha,35,0,0,Normal,27,72,62.857142857142854
2025-02-15,Saturday,Biryani,30,20,0,Festival,161,89,124.85714285714286
2025-02-15,Saturday,Dosa,22,0,0,Normal,120,81,94.71428571428571
2025-02-15,Saturday,Rice,31,30,0,Normal,91,34,60.42857142857143
2025-02-15,Saturday,Sandwich,26,2,0,Normal,55,15,50.0
2025-02-15,Saturday,Poha,21,0,0,Normal,72,36,62.0
2025-02-16,Sunday,Biryani,20,20,0,Normal,89,67,133.14285714285714
2025-02-16,Sunday,Dosa,30,30,0,Normal,81,52,99.71428571428571
2025-02-16,Sunday,Rice,25,30,0,Normal,34,39,58.57142857142857
2025-02-16,Sunday,Sandwich,27,30,0,Normal,15,28,47.0
2025-02-16,Sunday,Poha,32,0,0,Normal,36,42,60.714285714285715
2025-02-17,Monday,Biryani,25,30,0,Festival,67,179,129.28571428571428
2025-02-17,Monday,Dosa,29,2,0,Normal,52,120,99.0
2025-02-17,Monday,Rice,22,10,0,Normal,39,82,57.42857142857143
2025-02-17,Monday,Sandwich,34,0,0,Exam,28,37,47.857142857142854
2025-02-17,Monday,Poha,30,0,0,Festival,42,84,59.142857142857146
2025-02-18,Tuesday,Biryani,31,0,0,Festival,179,173,136.57142857142858
2025-02-18,Tuesday,Dosa,31,0,0,Normal,120,118,99.14285714285714
2025-02-18,Tuesday,Rice,29,2,1,Normal,82,35,57.857142857142854
2025-02-18,Tuesday,Sandwich,22,0,0,Normal,37,55,42.0
2025-02-18,Tuesday,Poha,32,10,0,Exam,84,56,59.857142857142854
2025-02-19,Wednesday,Biryani,35,5,0,Normal,173,146,140.0
2025-02-19,Wednesday,Dosa,29,0,0,Normal,118,118,98.14285714285714
2025-02-19,Wednesday,Rice,29,0,0,Normal,35,79,47.42857142857143
2025-02-19,Wednesday,Sandwich,34,0,0,Exam,55,44,41.714285714285715
2025-02-19,Wednesday,Poha,32,5,1,Normal,56,20,58.142857142857146
2025-02-20,Thursday,Biryani,34,0,0,Exam,146,135,137.57142857142858
2025-02-20,Thursday,Dosa,26,2,1,Normal,118,33,101.28571428571429
2025-02-20,Thursday,Rice,31,0,0,Exam,79,78,55.0
2025-02-20,Thursday,Sandwich,23,0,0,Normal,44,50,40.285714285714285
2025-02-20,Thursday,Poha,29,2,0,Normal,20,65,48.142857142857146
2025-02-21,Friday,Biryani,30,0,0,Normal,135,165,135.71428571428572
2025-02-21,Friday,Dosa,30,20,0,Exam,33,90,91.71428571428571
2025-02-21,Friday,Rice,23,0,0,Normal,78,70,62.57142857142857
2025-02-21,Friday,Sandwich,26,20,0,Exam,50,40,40.57142857142857
2025-02-21,Friday,Poha,30,0,1,Normal,65,30,53.57142857142857
2025-02-22,Saturday,Biryani,31,10,1,Exam,165,10,136.28571428571428
2025-02-22,Saturday,Dosa,29,20,0,Normal,90,50,87.42857142857143
2025-02-22,Saturday,Rice,35,20,0,Normal,70,60,59.57142857142857
2025-02-22,Saturday,Sandwich,31,0,0,Exam,40,15,38.42857142857143
2025-02-22,Saturday,Poha,34,2,0,Normal,30,33,47.57142857142857
2025-02-23,Sunday,Biryani,27,30,0,Exam,10,76,125.0
2025-02-23,Sunday,Dosa,28,0,0,Normal,50,63,83.0
2025-02-23,Sunday,Rice,35,2,0,Normal,60,31,63.285714285714285
2025-02-23,Sunday,Sandwich,24,2,0,Festival,15,35,38.42857142857143
2025-02-23,Sunday,Poha,33,0,0,Normal,33,29,47.142857142857146
2025-02-24,Monday,Biryani,35,5,0,Festival,76,196,126.28571428571429
2025-02-24,Monday,Dosa,22,0,0,Festival,63,146,84.57142857142857
2025-02-24,Monday,Rice,35,0,0,Normal,31,96,62.142857142857146
2025-02-24,Monday,Sandwich,21,0,0,Normal,35,54,39.42857142857143
2025-02-24,Monday,Poha,32,0,0,Normal,29,81,45.285714285714285
2025-02-25,Tuesday,Biryani,34,0,0,Normal,196,142,128.71428571428572
2025-02-25,Tuesday,Dosa,30,0,0,Normal,146,122,88.28571428571429
2025-02-25,Tuesday,Rice,28,5,0,Normal,96,92,64.14285714285714
2025-02-25,Tuesday,Sandwich,33,10,0,Normal,54,57,41.857142857142854
2025-02-25,Tuesday,Poha,25,10,0,Normal,81,82,44.857142857142854
2025-02-26,Wednesday,Biryani,28,0,0,Normal,142,164,124.28571428571429
2025-02-26,Wednesday,Dosa,28,20,0,Festival,122,127,88.85714285714286
2025-02-26,Wednesday,Rice,23,10,0,Normal,92,80,72.28571428571429
2025-02-26,Wednesday,Sandwich,30,5,0,Normal,57,39,42.142857142857146
2025-02-26,Wednesday,Poha,32,0,0,Exam,82,73,48.57142857142857
2025-02-27,Thursday,Biryani,24,0,0,Festival,164,178,126.85714285714286
2025-02-27,Thursday,Dosa,27,2,0,Normal,127,109,90.14285714285714
2025-02-27,Thursday,Rice,23,20,1,Normal,80,22,72.42857142857143
2025-02-27,Thursday,Sandwich,29,30,0,Normal,39,44,41.42857142857143
2025-02-27,Thursday,Poha,24,10,0,Normal,73,48,56.142857142857146
2025-02-28,Friday,Biryani,35,5,0,Normal,178,129,133.0
2025-02-28,Friday,Dosa,25,2,0,Exam,109,104,101.0
2025-02-28,Friday,Rice,34,2,0,Normal,22,82,64.42857142857143
2025-02-28,Friday,Sandwich,28,30,0,Normal,44,44,40.57142857142857
2025-02-28,Friday,Poha,34,2,0,Normal,48,64,53.714285714285715
2025-03-01,Saturday,Biryani,29,0,0,Normal,129,76,127.85714285714286
2025-03-01,Saturday,Dosa,29,5,0,Normal,104,65,103.0
2025-03-01,Saturday,Rice,28,0,0,Normal,82,45,66.14285714285714
2025-03-01,Saturday,Sandwich,24,0,0,Exam,44,24,41.142857142857146
2025-03-01,Saturday,Poha,34,20,0,Normal,64,49,58.57142857142857
2025-03-02,Sunday,Biryani,21,30,0,Normal,76,75,137.28571428571428
2025-03-02,Sunday,Dosa,22,2,1,Normal,65,17,105.14285714285714
2025-03-02,Sunday,Rice,20,2,0,Normal,45,60,64.0
2025-03-02,Sunday,Sandwich,33,30,0,Exam,24,23,42.42857142857143
2025-03-02,Sunday,Poha,34,0,0,Normal,49,30,60.857142857142854
2025-03-03,Monday,Biryani,33,0,0,Normal,75,163,137.14285714285714
2025-03-03,Monday,Dosa,26,0,0,Normal,17,115,98.57142857142857
2025-03-03,Monday,Rice,34,0,0,Exam,60,75,68.14285714285714
2025-03-03,Monday,Sandwich,29,0,0,Normal,23,61,40.714285714285715
2025-03-03,Monday,Poha,20,0,1,Normal,30,28,61.0
2025-03-04,Tuesday,Biryani,20,5,1,Exam,163,55,132.42857142857142
2025-03-04,Tuesday,Dosa,33,5,1,Normal,115,53,94.14285714285714
2025-03-04,Tuesday,Rice,28,20,1,Exam,75,21,65.14285714285714
2025-03-04,Tuesday,Sandwich,30,20,0,Normal,61,45,41.714285714285715
2025-03-04,Tuesday,Poha,25,0,1,Exam,28,29,53.42857142857143
2025-03-05,Wednesday,Biryani,20,0,0,Normal,55,147,120.0
2025-03-05,Wednesday,Dosa,34,5,0,Normal,53,117,84.28571428571429
2025-03-05,Wednesday,Rice,20,0,0,Normal,21,63,55.0
2025-03-05,Wednesday,Sandwich,29,2,0,Normal,45,55,40.0
2025-03-05,Wednesday,Poha,24,20,0,Normal,29,76,45.857142857142854
2025-03-06,Thursday,Biryani,24,10,0,Normal,147,129,117.57142857142857
2025-03-06,Thursday,Dosa,23,5,0,Exam,117,103,82.85714285714286
2025-03-06,Thursday,Rice,21,5,0,Exam,63,81,52.57142857142857
2025-03-06,Thursday,Sandwich,24,20,0,Festival,55,58,42.285714285714285
2025-03-06,Thursday,Poha,34,0,0,Normal,76,73,46.285714285714285
2025-03-07,Friday,Biryani,24,0,0,Exam,129,129,110.57142857142857
2025-03-07,Friday,Dosa,22,2,0,Normal,103,113,82.0
2025-03-07,Friday,Rice,29,0,0,Normal,81,79,61.0
2025-03-07,Friday,Sandwich,29,10,0,Normal,58,48,44.285714285714285
2025-03-07,Friday,Poha,27,30,0,Exam,73,62,49.857142857142854
2025-03-08,Saturday,Biryani,20,0,0,Normal,129,103,110.57142857142857
2025-03-08,Saturday,Dosa,29,0,0,Normal,113,64,83.28571428571429
2025-03-08,Saturday,Rice,32,20,0,Normal,79,33,60.57142857142857
2025-03-08,Saturday,Sandwich,27,20,0,Normal,48,19,44.857142857142854
2025-03-08,Saturday,Poha,21,10,0,Normal,62,33,49.57142857142857
2025-03-09,Sunday,Biryani,31,20,0,Normal,103,70,114.42857142857143
2025-03-09,Sunday,Dosa,35,0,0,Normal,64,50,83.14285714285714
2025-03-09,Sunday,Rice,32,2,0,Festival,33,59,58.857142857142854
2025-03-09,Sunday,Sandwich,22,2,0,Normal,19,44,44.142857142857146
2025-03-09,Sunday,Poha,30,30,0,Normal,33,31,47.285714285714285
2025-03-10,Monday,Biryani,29,0,1,Exam,70,59,113.71428571428571
2025-03-10,Monday,Dosa,23,0,0,Normal,50,108,87.85714285714286
2025-03-10,Monday,Rice,28,5,0,Exam,59,75,58.714285714285715
2025-03-10,Monday,Sandwich,35,2,0,Normal,44,61,47.142857142857146
2025-03-10,Monday,Poha,25,0,0,Normal,31,74,47.42857142857143
2025-03-11,Tuesday,Biryani,25,2,0,Normal,59,146,98.85714285714286
2025-03-11,Tuesday,Dosa,27,2,0,Festival,108,142,86.85714285714286
2025-03-11,Tuesday,Rice,26,2,0,Normal,75,86,58.714285714285715
2025-03-11,Tuesday,Sandwich,35,0,0,Festival,61,47,47.142857142857146
2025-03-11,Tuesday,Poha,26,0,0,Festival,74,80,54.0
2025-03-12,Wednesday,Biryani,27,10,0,Normal,146,141,111.85714285714286
2025-03-12,Wednesday,Dosa,27,10,0,Exam,142,93,99.57142857142857
2025-03-12,Wednesday,Rice,25,0,0,Normal,86,75,68.0
2025-03-12,Wednesday,Sandwich,28,0,1,Normal,47,10,47.42857142857143
2025-03-12,Wednesday,Poha,30,20,0,Festival,80,79,61.285714285714285
2025-03-13,Thursday,Biryani,31,20,0,Festival,141,173,111.0
2025-03-13,Thursday,Dosa,29,2,0,Normal,93,124,96.14285714285714
2025-03-13,Thursday,Rice,22,10,0,Normal,75,78,69.71428571428571
2025-03-13,Thursday,Sandwich,24,0,0,Normal,10,56,41.0
2025-03-13,Thursday,Poha,29,20,0,Exam,79,62,61.714285714285715
2025-03-14,Friday,Biryani,23,5,0,Exam,173,134,117.28571428571429
2025-03-14,Friday,Dosa,22,0,0,Normal,124,117,99.14285714285714
2025-03-14,Friday,Rice,27,2,0,Normal,78,82,69.28571428571429
2025-03-14,Friday,Sandwich,34,2,0,Normal,56,47,40.714285714285715
2025-03-14,Friday,Poha,25,0,0,Normal,62,60,60.142857142857146
2025-03-15,Saturday,Biryani,24,10,0,Normal,134,66,118.0
2025-03-15,Saturday,Dosa,30,10,0,Normal,117,48,99.71428571428571
2025-03-15,Saturday,Rice,24,0,0,Normal,82,42,69.71428571428571
2025-03-15,Saturday,Sandwich,35,5,0,Normal,47,24,40.57142857142857
2025-03-15,Saturday,Poha,31,0,0,Normal,60,33,59.857142857142854
2025-03-16,Sunday,Biryani,26,10,0,Normal,66,68,112.71428571428571
2025-03-16,Sunday,Dosa,30,0,0,Normal,48,71,97.42857142857143
2025-03-16,Sunday,Rice,25,30,0,Normal,42,51,71.0
2025-03-16,Sunday,Sandwich,24,10,0,Normal,24,26,41.285714285714285
2025-03-16,Sunday,Poha,20,0,0,Normal,33,38,59.857142857142854
2025-03-17,Monday,Biryani,20,2,0,Exam,68,146,112.42857142857143
2025-03-17,Monday,Dosa,26,0,0,Exam,71,115,100.42857142857143
2025-03-17,Monday,Rice,22,0,0,Normal,51,76,69.85714285714286
2025-03-17,Monday,Sandwich,24,30,0,Normal,26,57,38.714285714285715
2025-03-17,Monday,Poha,21,0,0,Exam,38,71,60.857142857142854
2025-03-18,Tuesday,Biryani,29,0,0,Exam,146,119,124.85714285714286
2025-03-18,Tuesday,Dosa,25,5,0,Normal,115,109,101.42857142857143
2025-03-18,Tuesday,Rice,27,20,0,Festival,76,82,70.0
2025-03-18,Tuesday,Sandwich,27,0,0,Normal,57,54,38.142857142857146
2025-03-18,Tuesday,Poha,27,0,0,Normal,71,64,60.42857142857143
2025-03-19,Wednesday,Biryani,23,0,0,Normal,119,132,121.0
2025-03-19,Wednesday,Dosa,31,0,0,Normal,109,104,96.71428571428571
2025-03-19,Wednesday,Rice,35,30,0,Exam,82,65,69.42857142857143
2025-03-19,Wednesday,Sandwich,28,30,0,Normal,54,43,39.142857142857146
2025-03-19,Wednesday,Poha,28,5,0,Normal,64,63,58.142857142857146
2025-03-20,Thursday,Biryani,21,0,0,Normal,132,150,119.71428571428571
2025-03-20,Thursday,Dosa,35,10,0,Normal,104,96,98.28571428571429
2025-03-20,Thursday,Rice,30,0,0,Normal,65,78,68.0
2025-03-20,Thursday,Sandwich,33,0,0,Festival,43,60,43.857142857142854
2025-03-20,Thursday,Poha,33,30,0,Normal,63,53,55.857142857142854
2025-03-21,Friday,Biryani,26,20,1,Normal,150,56,116.42857142857143
2025-03-21,Friday,Dosa,32,0,1,Normal,96,28,94.28571428571429
2025-03-21,Friday,Rice,35,0,0,Festival,78,98,68.0
2025-03-21,Friday,Sandwich,25,2,0,Normal,60,50,44.42857142857143
2025-03-21,Friday,Poha,21,0,0,Exam,53,67,54.57142857142857
2025-03-22,Saturday,Biryani,32,0,0,Normal,56,76,105.28571428571429
2025-03-22,Saturday,Dosa,26,5,0,Normal,28,62,81.57142857142857
2025-03-22,Saturday,Rice,35,0,0,Normal,98,49,70.28571428571429
2025-03-22,Saturday,Sandwich,22,30,0,Normal,50,33,44.857142857142854
2025-03-22,Saturday,Poha,29,5,0,Normal,67,42,55.57142857142857
2025-03-23,Sunday,Biryani,21,0,0,Normal,76,92,106.71428571428571
2025-03-23,Sunday,Dosa,25,20,0,Exam,62,56,83.57142857142857
2025-03-23,Sunday,Rice,35,0,0,Exam,49,49,71.28571428571429
2025-03-23,Sunday,Sandwich,24,0,0,Normal,33,25,46.142857142857146
2025-03-23,Sunday,Poha,29,0,0,Normal,42,44,56.857142857142854
2025-03-24,Monday,Biryani,24,0,0,Normal,92,150,110.14285714285714
2025-03-24,Monday,Dosa,26,2,0,Normal,56,106,81.42857142857143
2025-03-24,Monday,Rice,35,0,0,Normal,49,106,71.0
2025-03-24,Monday,Sandwich,22,0,0,Normal,25,57,46.0
2025-03-24,Monday,Poha,33,0,0,Normal,44,76,57.714285714285715
2025-03-25,Tuesday,Biryani,32,0,0,Normal,150,160,110.71428571428571
2025-03-25,Tuesday,Dosa,21,0,0,Exam,106,107,80.14285714285714
2025-03-25,Tuesday,Rice,25,5,0,Normal,106,87,75.28571428571429
2025-03-25,Tuesday,Sandwich,35,0,0,Festival,57,73,46.0
2025-03-25,Tuesday,Poha,29,2,0,Normal,76,77,58.42857142857143
2025-03-26,Wednesday,Biryani,21,0,0,Normal,160,163,116.57142857142857
2025-03-26,Wednesday,Dosa,30,0,1,Normal,107,44,79.85714285714286
2025-03-26,Wednesday,Rice,33,0,0,Normal,87,58,76.0
2025-03-26,Wednesday,Sandwich,35,2,0,Normal,73,49,48.714285714285715
2025-03-26,Wednesday,Poha,26,20,1,Exam,77,17,60.285714285714285
2025-03-27,Thursday,Biryani,28,10,0,Festival,163,168,121.0
2025-03-27,Thursday,Dosa,33,0,0,Normal,44,102,71.28571428571429
2025-03-27,Thursday,Rice,33,0,0,Exam,58,66,75.0
2025-03-27,Thursday,Sandwich,29,20,0,Normal,49,58,49.57142857142857
2025-03-27,Thursday,Poha,24,2,0,Normal,17,86,53.714285714285715
2025-03-28,Friday,Biryani,34,0,0,Normal,168,159,123.57142857142857
2025-03-28,Friday,Dosa,27,0,0,Festival,102,129,72.14285714285714
2025-03-28,Friday,Rice,21,0,0,Normal,66,70,73.28571428571429
2025-03-28,Friday,Sandwich,24,5,0,Normal,58,46,49.285714285714285
2025-03-28,Friday,Poha,21,10,0,Normal,86,70,58.42857142857143
2025-03-29,Saturday,Biryani,27,0,0,Normal,159,98,138.28571428571428
2025-03-29,Saturday,Dosa,28,10,0,Normal,129,62,86.57142857142857
2025-03-29,Saturday,Rice,29,0,1,Exam,70,11,69.28571428571429
2025-03-29,Saturday,Sandwich,21,0,0,Normal,46,24,48.714285714285715
2025-03-29,Saturday,Poha,34,2,0,Normal,70,47,58.857142857142854
2025-03-30,Sunday,Biryani,35,10,0,Normal,98,79,141.42857142857142
2025-03-30,Sunday,Dosa,23,10,0,Normal,62,66,86.57142857142857
2025-03-30,Sunday,Rice,24,5,0,Normal,11,45,63.857142857142854
2025-03-30,Sunday,Sandwich,31,10,0,Normal,24,34,47.42857142857143
2025-03-30,Sunday,Poha,33,0,0,Normal,47,34,59.57142857142857
2025-03-31,Monday,Biryani,26,20,0,Exam,79,144,139.57142857142858
2025-03-31,Monday,Dosa,22,0,0,Normal,66,129,88.0
2025-03-31,Monday,Rice,24,5,0,Normal,45,81,63.285714285714285
2025-03-31,Monday,Sandwich,35,20,0,Normal,34,44,48.714285714285715
2025-03-31,Monday,Poha,35,20,1,Normal,34,26,58.142857142857146
2025-04-01,Tuesday,Biryani,27,2,0,Normal,144,161,138.71428571428572
2025-04-01,Tuesday,Dosa,35,0,0,Normal,129,104,91.28571428571429
2025-04-01,Tuesday,Rice,25,20,0,Normal,81,64,59.714285714285715
2025-04-01,Tuesday,Sandwich,33,5,0,Exam,44,50,46.857142857142854
2025-04-01,Tuesday,Poha,34,5,0,Normal,26,66,51.0
2025-04-02,Wednesday,Biryani,33,10,0,Exam,161,136,138.85714285714286
2025-04-02,Wednesday,Dosa,23,20,0,Exam,104,80,90.85714285714286
2025-04-02,Wednesday,Rice,27,2,0,Normal,64,89,56.42857142857143
2025-04-02,Wednesday,Sandwich,29,0,0,Normal,50,50,43.57142857142857
2025-04-02,Wednesday,Poha,21,0,0,Normal,66,83,49.42857142857143
2025-04-03,Thursday,Biryani,28,0,0,Normal,136,153,135.0
2025-04-03,Thursday,Dosa,30,5,0,Normal,80,113,96.0
2025-04-03,Thursday,Rice,21,0,0,Normal,89,84,60.857142857142854
2025-04-03,Thursday,Sandwich,20,20,0,Normal,50,41,43.714285714285715
2025-04-03,Thursday,Poha,23,20,0,Normal,83,75,58.857142857142854
2025-04-04,Friday,Biryani,23,20,0,Exam,153,120,132.85714285714286
2025-04-04,Friday,Dosa,32,20,0,Exam,113,79,97.57142857142857
2025-04-04,Friday,Rice,33,20,0,Normal,84,61,63.42857142857143
2025-04-04,Friday,Sandwich,33,10,0,Normal,41,49,41.285714285714285
2025-04-04,Friday,Poha,25,0,0,Normal,75,69,57.285714285714285
2025-04-05,Saturday,Biryani,22,20,0,Exam,120,69,127.28571428571429
2025-04-05,Saturday,Dosa,28,0,0,Normal,79,62,90.42857142857143
2025-04-05,Saturday,Rice,34,0,0,Normal,61,43,62.142857142857146
2025-04-05,Saturday,Sandwich,28,0,0,Normal,49,29,41.714285714285715
2025-04-05,Saturday,Poha,30,0,0,Normal,69,33,57.142857142857146
2025-04-06,Sunday,Biryani,31,20,0,Normal,69,75,123.14285714285714
2025-04-06,Sunday,Dosa,28,30,0,Normal,62,50,90.42857142857143
2025-04-06,Sunday,Rice,31,2,1,Exam,43,21,66.71428571428571
2025-04-06,Sunday,Sandwich,34,5,0,Normal,29,44,42.42857142857143
2025-04-06,Sunday,Poha,28,20,0,Exam,33,31,55.142857142857146
2025-04-07,Monday,Biryani,27,30,0,Normal,75,137,122.57142857142857
2025-04-07,Monday,Dosa,22,20,0,Normal,50,106,88.14285714285714
2025-04-07,Monday,Rice,22,0,0,Normal,21,80,63.285714285714285
2025-04-07,Monday,Sandwich,23,0,0,Normal,44,63,43.857142857142854
2025-04-07,Monday,Poha,21,0,0,Festival,31,86,54.714285714285715
2025-04-08,Tuesday,Biryani,25,0,0,Normal,137,138,121.57142857142857
2025-04-08,Tuesday,Dosa,29,20,0,Normal,106,88,84.85714285714286
2025-04-08,Tuesday,Rice,22,0,0,Normal,80,59,63.142857142857146
2025-04-08,Tuesday,Sandwich,27,2,0,Exam,63,47,46.57142857142857
2025-04-08,Tuesday,Poha,26,10,0,Normal,86,73,63.285714285714285
2025-04-09,Wednesday,Biryani,30,0,0,Exam,138,145,118.28571428571429
2025-04-09,Wednesday,Dosa,24,0,0,Exam,88,97,82.57142857142857
2025-04-09,Wednesday,Rice,32,5,0,Normal,59,92,62.42857142857143
2025-04-09,Wednesday,Sandwich,27,20,0,Normal,47,44,46.142857142857146
2025-04-09,Wednesday,Poha,35,0,0,Festival,73,90,64.28571428571429
2025-04-10,Thursday,Biryani,33,0,0,Normal,145,153,119.57142857142857
2025-04-10,Thursday,Dosa,34,20,0,Normal,97,104,85.0
2025-04-10,Thursday,Rice,24,0,0,Exam,92,82,62.857142857142854
2025-04-10,Thursday,Sandwich,20,0,0,Normal,44,69,45.285714285714285
2025-04-10,Thursday,Poha,29,0,0,Normal,90,61,65.28571428571429
2025-04-11,Friday,Biryani,21,0,0,Normal,153,154,119.57142857142857
2025-04-11,Friday,Dosa,24,20,0,Normal,104,90,83.71428571428571
2025-04-11,Friday,Rice,27,20,0,Normal,82,65,62.57142857142857
2025-04-11,Friday,Sandwich,34,0,0,Normal,69,54,49.285714285714285
2025-04-11,Friday,Poha,34,2,0,Normal,61,78,63.285714285714285
2025-04-12,Saturday,Biryani,23,5,0,Normal,154,80,124.42857142857143
2025-04-12,Saturday,Dosa,29,2,0,Normal,90,78,85.28571428571429
2025-04-12,Saturday,Rice,28,0,0,Normal,65,33,63.142857142857146
2025-04-12,Saturday,Sandwich,29,0,0,Normal,54,41,50.0
2025-04-12,Saturday,Poha,31,0,0,Exam,78,60,64.57142857142857
2025-04-13,Sunday,Biryani,20,30,0,Normal,80,84,126.0
2025-04-13,Sunday,Dosa,30,0,0,Normal,78,57,87.57142857142857
2025-04-13,Sunday,Rice,21,20,0,Normal,33,40,61.714285714285715
2025-04-13,Sunday,Sandwich,32,0,0,Normal,41,34,51.714285714285715
2025-04-13,Sunday,Poha,35,0,0,Normal,60,38,68.42857142857143
2025-04-14,Monday,Biryani,29,20,0,Festival,84,166,127.28571428571429
2025-04-14,Monday,Dosa,24,2,0,Festival,57,136,88.57142857142857
2025-04-14,Monday,Rice,30,30,0,Normal,40,79,64.42857142857143
2025-04-14,Monday,Sandwich,35,10,1,Normal,34,10,50.285714285714285
2025-04-14,Monday,Poha,24,20,0,Normal,38,69,69.42857142857143
2025-04-15,Tuesday,Biryani,35,5,0,Normal,166,141,131.42857142857142
2025-04-15,Tuesday,Dosa,30,2,0,Normal,136,116,92.85714285714286
2025-04-15,Tuesday,Rice,27,30,0,Exam,79,71,64.28571428571429
2025-04-15,Tuesday,Sandwich,22,20,0,Normal,10,44,42.714285714285715
2025-04-15,Tuesday,Poha,29,2,0,Normal,69,74,67.0
2025-04-16,Wednesday,Biryani,25,0,1,Festival,141,69,131.85714285714286
2025-04-16,Wednesday,Dosa,30,0,0,Normal,116,113,96.85714285714286
2025-04-16,Wednesday,Rice,24,10,0,Exam,71,83,66.0
2025-04-16,Wednesday,Sandwich,31,30,1,Normal,44,19,42.285714285714285
2025-04-16,Wednesday,Poha,25,2,0,Normal,74,67,67.14285714285714
2025-04-17,Thursday,Biryani,20,2,0,Normal,69,148,121.0
2025-04-17,Thursday,Dosa,20,20,1,Normal,113,40,99.14285714285714
2025-04-17,Thursday,Rice,22,5,0,Exam,83,75,64.71428571428571
2025-04-17,Thursday,Sandwich,27,20,0,Exam,19,45,38.714285714285715
2025-04-17,Thursday,Poha,35,0,0,Normal,67,76,63.857142857142854
2025-04-18,Friday,Biryani,21,2,0,Normal,148,143,120.28571428571429
2025-04-18,Friday,Dosa,25,2,0,Normal,40,106,90.0
2025-04-18,Friday,Rice,22,0,1,Normal,75,36,63.714285714285715
2025-04-18,Friday,Sandwich,22,0,1,Normal,45,29,35.285714285714285
2025-04-18,Friday,Poha,34,0,0,Exam,76,53,66.0
2025-04-19,Saturday,Biryani,35,10,0,Normal,143,77,118.71428571428571
2025-04-19,Saturday,Dosa,21,0,0,Normal,106,54,92.28571428571429
2025-04-19,Saturday,Rice,25,0,0,Normal,36,58,59.57142857142857
2025-04-19,Saturday,Sandwich,32,30,0,Normal,29,33,31.714285714285715
2025-04-19,Saturday,Poha,27,0,0,Normal,53,29,62.42857142857143
2025-04-20,Sunday,Biryani,29,0,0,Normal,77,82,118.28571428571429
2025-04-20,Sunday,Dosa,26,0,0,Normal,54,70,88.85714285714286
2025-04-20,Sunday,Rice,20,5,1,Normal,58,18,63.142857142857146
2025-04-20,Sunday,Sandwich,24,0,0,Normal,33,36,30.571428571428573
2025-04-20,Sunday,Poha,29,2,0,Normal,29,42,58.0
2025-04-21,Monday,Biryani,35,2,0,Normal,82,153,118.0
2025-04-21,Monday,Dosa,33,2,0,Exam,70,101,90.71428571428571
2025-04-21,Monday,Rice,21,0,0,Exam,18,84,60.0
2025-04-21,Monday,Sandwich,28,10,0,Normal,36,63,30.857142857142858
2025-04-21,Monday,Poha,29,10,0,Normal,42,73,58.57142857142857
2025-04-22,Tuesday,Biryani,27,0,0,Normal,153,157,116.14285714285714
2025-04-22,Tuesday,Dosa,32,30,0,Normal,101,108,85.71428571428571
2025-04-22,Tuesday,Rice,23,10,0,Normal,84,78,60.714285714285715
2025-04-22,Tuesday,Sandwich,20,0,1,Normal,63,25,38.42857142857143
2025-04-22,Tuesday,Poha,28,5,0,Normal,73,71,59.142857142857146
2025-04-23,Wednesday,Biryani,24,20,0,Normal,157,138,118.42857142857143
2025-04-23,Wednesday,Dosa,28,0,0,Exam,108,95,84.57142857142857
2025-04-23,Wednesday,Rice,31,30,0,Normal,78,80,61.714285714285715
2025-04-23,Wednesday,Sandwich,22,2,0,Normal,25,53,35.714285714285715
2025-04-23,Wednesday,Poha,31,0,0,Normal,71,53,58.714285714285715
2025-04-24,Thursday,Biryani,21,0,0,Normal,138,161,128.28571428571428
2025-04-24,Thursday,Dosa,27,5,0,Exam,95,100,82.0
2025-04-24,Thursday,Rice,27,5,0,Normal,80,77,61.285714285714285
2025-04-24,Thursday,Sandwich,31,0,0,Normal,53,49,40.57142857142857
2025-04-24,Thursday,Poha,30,0,0,Normal,53,71,56.714285714285715
2025-04-25,Friday,Biryani,29,2,0,Normal,161,152,130.14285714285714
2025-04-25,Friday,Dosa,21,0,0,Normal,100,109,90.57142857142857
2025-04-25,Friday,Rice,28,10,0,Festival,77,99,61.57142857142857
2025-04-25,Friday,Sandwich,28,30,0,Normal,49,42,41.142857142857146
2025-04-25,Friday,Poha,23,2,0,Normal,71,64,56.0
2025-04-26,Saturday,Biryani,34,10,0,Normal,152,79,131.42857142857142
2025-04-26,Saturday,Dosa,35,0,0,Normal,109,66,91.0
2025-04-26,Saturday,Rice,31,0,0,Normal,99,34,70.57142857142857
2025-04-26,Saturday,Sandwich,26,20,0,Normal,42,30,43.0
2025-04-26,Saturday,Poha,27,2,0,Normal,64,48,57.57142857142857
2025-04-27,Sunday,Biryani,22,5,1,Normal,79,23,131.71428571428572
2025-04-27,Sunday,Dosa,31,0,1,Festival,66,25,92.71428571428571
2025-04-27,Sunday,Rice,24,2,0,Normal,34,56,67.14285714285714
2025-04-27,Sunday,Sandwich,20,0,0,Normal,30,33,42.57142857142857
2025-04-27,Sunday,Poha,29,20,0,Normal,48,35,60.285714285714285
2025-04-28,Monday,Biryani,23,0,0,Normal,23,165,123.28571428571429
2025-04-28,Monday,Dosa,20,30,0,Normal,25,101,86.28571428571429
2025-04-28,Monday,Rice,33,0,0,Normal,56,87,72.57142857142857
2025-04-28,Monday,Sandwich,23,0,0,Normal,33,68,42.142857142857146
2025-04-28,Monday,Poha,35,2,0,Normal,35,69,59.285714285714285
2025-04-29,Tuesday,Biryani,25,30,0,Normal,165,134,125.0
2025-04-29,Tuesday,Dosa,22,0,0,Normal,101,99,86.28571428571429
2025-04-29,Tuesday,Rice,30,5,0,Festival,87,77,73.0
2025-04-29,Tuesday,Sandwich,31,30,0,Festival,68,64,42.857142857142854
2025-04-29,Tuesday,Poha,35,0,1,Normal,69,23,58.714285714285715
2025-04-30,Wednesday,Biryani,21,2,0,Normal,134,138,121.71428571428571
2025-04-30,Wednesday,Dosa,29,0,0,Normal,99,121,85.0
2025-04-30,Wednesday,Rice,30,2,1,Exam,77,18,72.85714285714286
2025-04-30,Wednesday,Sandwich,32,20,0,Normal,64,48,48.42857142857143
2025-04-30,Wednesday,Poha,20,0,0,Exam,23,52,51.857142857142854
2025-05-01,Thursday,Biryani,25,5,0,Exam,138,145,121.71428571428571
2025-05-01,Thursday,Dosa,34,5,0,Normal,121,93,88.71428571428571
2025-05-01,Thursday,Rice,21,2,0,Normal,18,76,64.0
2025-05-01,Thursday,Sandwich,31,5,0,Normal,48,43,47.714285714285715
2025-05-01,Thursday,Poha,27,30,1,Normal,52,10,51.714285714285715
2025-05-02,Friday,Biryani,22,0,0,Festival,145,196,119.42857142857143
2025-05-02,Friday,Dosa,20,0,0,Normal,93,95,87.71428571428571
2025-05-02,Friday,Rice,20,0,0,Festival,76,109,63.857142857142854
2025-05-02,Friday,Sandwich,23,0,0,Exam,43,54,46.857142857142854
2025-05-02,Friday,Poha,28,30,0,Normal,10,56,43.0
2025-05-03,Saturday,Biryani,22,0,0,Exam,196,74,125.71428571428571
2025-05-03,Saturday,Dosa,26,30,0,Normal,95,46,85.71428571428571
2025-05-03,Saturday,Rice,23,20,0,Normal,109,34,65.28571428571429
2025-05-03,Saturday,Sandwich,35,0,0,Normal,54,24,48.57142857142857
2025-05-03,Saturday,Poha,28,0,0,Exam,56,28,41.857142857142854
2025-05-04,Sunday,Biryani,30,20,0,Normal,74,74,125.0
2025-05-04,Sunday,Dosa,27,0,0,Normal,46,56,82.85714285714286
2025-05-04,Sunday,Rice,23,0,0,Normal,34,44,65.28571428571429
2025-05-04,Sunday,Sandwich,33,2,0,Normal,24,41,47.714285714285715
2025-05-04,Sunday,Poha,27,0,0,Normal,28,32,39.0
2025-05-05,Monday,Biryani,22,20,0,Normal,74,155,132.28571428571428
2025-05-05,Monday,Dosa,23,10,0,Normal,56,106,87.28571428571429
2025-05-05,Monday,Rice,21,20,0,Normal,44,73,63.57142857142857
2025-05-05,Monday,Sandwich,35,20,0,Festival,41,61,48.857142857142854
2025-05-05,Monday,Poha,27,10,0,Normal,32,62,38.57142857142857
2025-05-06,Tuesday,Biryani,29,5,0,Exam,155,124,130.85714285714286
2025-05-06,Tuesday,Dosa,28,0,0,Normal,106,114,88.0
2025-05-06,Tuesday,Rice,34,5,0,Normal,73,79,61.57142857142857
2025-05-06,Tuesday,Sandwich,20,5,0,Festival,61,56,47.857142857142854
2025-05-06,Tuesday,Poha,34,5,0,Festival,62,83,37.57142857142857
2025-05-07,Wednesday,Biryani,26,0,0,Normal,124,147,129.42857142857142
2025-05-07,Wednesday,Dosa,23,30,0,Normal,114,95,90.14285714285714
2025-05-07,Wednesday,Rice,31,5,0,Normal,79,79,61.857142857142854
2025-05-07,Wednesday,Sandwich,23,10,0,Normal,56,37,46.714285714285715
2025-05-07,Wednesday,Poha,22,10,0,Exam,83,70,46.142857142857146
2025-05-08,Thursday,Biryani,26,0,0,Exam,147,141,130.71428571428572
2025-05-08,Thursday,Dosa,28,2,0,Normal,95,109,86.42857142857143
2025-05-08,Thursday,Rice,27,0,0,Normal,79,64,70.57142857142857
2025-05-08,Thursday,Sandwich,31,0,0,Exam,37,59,45.142857142857146
2025-05-08,Thursday,Poha,21,20,0,Exam,70,70,48.714285714285715
2025-05-09,Friday,Biryani,26,0,1,Exam,141,49,130.14285714285714
2025-05-09,Friday,Dosa,23,5,0,Normal,109,111,88.71428571428571
2025-05-09,Friday,Rice,33,0,0,Normal,64,79,68.85714285714286
2025-05-09,Friday,Sandwich,31,0,0,Exam,59,56,47.42857142857143
2025-05-09,Friday,Poha,33,0,0,Normal,70,71,57.285714285714285
2025-05-10,Saturday,Biryani,23,5,0,Normal,49,82,109.14285714285714
2025-05-10,Saturday,Dosa,22,10,0,Festival,111,72,91.0
2025-05-10,Saturday,Rice,28,30,0,Normal,79,38,64.57142857142857
2025-05-10,Saturday,Sandwich,20,0,0,Festival,56,26,47.714285714285715
2025-05-10,Saturday,Poha,23,0,0,Normal,71,40,59.42857142857143
2025-05-11,Sunday,Biryani,30,5,0,Normal,82,89,110.28571428571429
2025-05-11,Sunday,Dosa,25,30,0,Normal,72,71,94.71428571428571
2025-05-11,Sunday,Rice,32,30,0,Normal,38,36,65.14285714285714
2025-05-11,Sunday,Sandwich,22,5,0,Normal,26,45,48.0
2025-05-11,Sunday,Poha,22,0,0,Normal,40,45,61.142857142857146
2025-05-12,Monday,Biryani,30,0,0,Exam,89,163,112.42857142857143
2025-05-12,Monday,Dosa,20,0,0,Normal,71,107,96.85714285714286
2025-05-12,Monday,Rice,32,0,0,Normal,36,98,64.0
2025-05-12,Monday,Sandwich,20,2,1,Normal,45,27,48.57142857142857
2025-05-12,Monday,Poha,35,5,1,Normal,45,38,63.0
2025-05-13,Tuesday,Biryani,21,10,0,Exam,163,133,113.57142857142857
2025-05-13,Tuesday,Dosa,30,10,0,Normal,107,107,97.0
2025-05-13,Tuesday,Rice,20,2,0,Normal,98,85,67.57142857142857
2025-05-13,Tuesday,Sandwich,24,20,0,Normal,27,40,43.714285714285715
2025-05-13,Tuesday,Poha,34,0,0,Normal,38,68,59.57142857142857
2025-05-14,Wednesday,Biryani,21,10,0,Normal,133,148,114.85714285714286
2025-05-14,Wednesday,Dosa,21,0,0,Exam,107,100,96.0
2025-05-14,Wednesday,Rice,34,2,0,Normal,85,61,68.42857142857143
2025-05-14,Wednesday,Sandwich,20,0,1,Normal,40,16,41.42857142857143
2025-05-14,Wednesday,Poha,32,2,0,Normal,68,82,57.42857142857143
2025-05-15,Thursday,Biryani,31,20,0,Normal,148,132,115.0
2025-05-15,Thursday,Dosa,29,0,0,Normal,100,121,96.71428571428571
2025-05-15,Thursday,Rice,23,2,0,Exam,61,74,65.85714285714286
2025-05-15,Thursday,Sandwich,35,0,0,Normal,16,33,38.42857142857143
2025-05-15,Thursday,Poha,35,0,0,Normal,82,65,59.142857142857146
2025-05-16,Friday,Biryani,22,0,0,Normal,132,143,113.71428571428571
2025-05-16,Friday,Dosa,25,0,0,Exam,121,108,98.42857142857143
2025-05-16,Friday,Rice,22,0,0,Normal,74,84,67.28571428571429
2025-05-16,Friday,Sandwich,31,0,0,Normal,33,53,34.714285714285715
2025-05-16,Friday,Poha,27,10,0,Festival,65,81,58.42857142857143
2025-05-17,Saturday,Biryani,35,10,0,Normal,143,71,127.14285714285714
2025-05-17,Saturday,Dosa,20,0,0,Normal,108,54,98.0
2025-05-17,Saturday,Rice,22,0,0,Exam,84,38,68.0
2025-05-17,Saturday,Sandwich,35,10,0,Normal,53,35,34.285714285714285
2025-05-17,Saturday,Poha,32,2,0,Normal,81,37,59.857142857142854
2025-05-18,Sunday,Biryani,32,0,0,Normal,71,63,125.57142857142857
2025-05-18,Sunday,Dosa,25,10,0,Normal,54,50,95.42857142857143
2025-05-18,Sunday,Rice,35,20,0,Normal,38,25,68.0
2025-05-18,Sunday,Sandwich,31,2,0,Normal,35,23,35.57142857142857
2025-05-18,Sunday,Poha,34,0,0,Normal,37,34,59.42857142857143
2025-05-19,Monday,Biryani,31,2,1,Normal,63,61,121.85714285714286
2025-05-19,Monday,Dosa,22,5,0,Normal,50,122,92.42857142857143
2025-05-19,Monday,Rice,21,0,0,Normal,25,86,66.42857142857143
2025-05-19,Monday,Sandwich,32,0,0,Normal,23,75,32.42857142857143
2025-05-19,Monday,Poha,26,0,0,Normal,34,80,57.857142857142854
2025-05-20,Tuesday,Biryani,30,0,0,Normal,61,161,107.28571428571429
2025-05-20,Tuesday,Dosa,24,0,0,Exam,122,109,94.57142857142857
2025-05-20,Tuesday,Rice,27,20,0,Exam,86,75,64.71428571428571
2025-05-20,Tuesday,Sandwich,22,0,0,Normal,75,66,39.285714285714285
2025-05-20,Tuesday,Poha,28,20,0,Normal,80,63,63.857142857142854
2025-05-21,Wednesday,Biryani,33,5,0,Normal,161,139,111.28571428571429
2025-05-21,Wednesday,Dosa,27,30,0,Normal,109,98,94.85714285714286
2025-05-21,Wednesday,Rice,32,2,0,Festival,75,95,63.285714285714285
2025-05-21,Wednesday,Sandwich,22,0,0,Normal,66,50,43.0
2025-05-21,Wednesday,Poha,33,0,0,Normal,63,75,63.142857142857146
2025-05-22,Thursday,Biryani,33,0,0,Normal,139,148,110.0
2025-05-22,Thursday,Dosa,31,5,0,Normal,98,111,94.57142857142857
2025-05-22,Thursday,Rice,28,2,0,Exam,95,69,68.14285714285714
2025-05-22,Thursday,Sandwich,26,5,0,Normal,50,60,47.857142857142854
2025-05-22,Thursday,Poha,30,0,0,Exam,75,57,62.142857142857146
2025-05-23,Friday,Biryani,32,0,0,Normal,148,162,112.28571428571429
2025-05-23,Friday,Dosa,29,2,0,Normal,111,107,93.14285714285714
2025-05-23,Friday,Rice,29,0,0,Normal,69,70,67.42857142857143
2025-05-23,Friday,Sandwich,32,0,0,Festival,60,69,51.714285714285715
2025-05-23,Friday,Poha,31,10,0,Normal,57,65,61.0
2025-05-24,Saturday,Biryani,26,5,0,Normal,162,74,115.0
2025-05-24,Saturday,Dosa,25,2,0,Normal,107,62,93.0
2025-05-24,Saturday,Rice,35,0,0,Normal,70,32,65.42857142857143
2025-05-24,Saturday,Sandwich,23,20,0,Exam,69,24,54.0
2025-05-24,Saturday,Poha,26,0,0,Normal,65,49,58.714285714285715
2025-05-25,Sunday,Biryani,31,0,0,Normal,74,78,115.42857142857143
2025-05-25,Sunday,Dosa,35,0,0,Normal,62,48,94.14285714285714
2025-05-25,Sunday,Rice,21,10,0,Normal,32,56,64.57142857142857
2025-05-25,Sunday,Sandwich,26,30,0,Exam,24,26,52.42857142857143
2025-05-25,Sunday,Poha,30,10,0,Festival,49,63,60.42857142857143
2025-05-26,Monday,Biryani,35,0,0,Normal,78,153,117.57142857142857
2025-05-26,Monday,Dosa,30,20,0,Normal,48,105,93.85714285714286
2025-05-26,Monday,Rice,25,0,0,Normal,56,82,69.0
2025-05-26,Monday,Sandwich,35,0,0,Normal,26,45,52.857142857142854
2025-05-26,Monday,Poha,22,2,1,Exam,63,12,64.57142857142857
2025-05-27,Tuesday,Biryani,30,5,0,Normal,153,158,130.71428571428572
2025-05-27,Tuesday,Dosa,30,30,0,Normal,105,101,91.42857142857143
2025-05-27,Tuesday,Rice,30,2,0,Normal,82,79,68.42857142857143
2025-05-27,Tuesday,Sandwich,25,2,0,Normal,45,64,48.57142857142857
2025-05-27,Tuesday,Poha,21,0,0,Normal,12,72,54.857142857142854
2025-05-28,Wednesday,Biryani,26,5,0,Normal,158,155,130.28571428571428
2025-05-28,Wednesday,Dosa,29,2,0,Exam,101,91,90.28571428571429
2025-05-28,Wednesday,Rice,25,2,0,Exam,79,70,69.0
2025-05-28,Wednesday,Sandwich,33,0,0,Normal,64,54,48.285714285714285
2025-05-28,Wednesday,Poha,27,10,1,Normal,72,13,56.142857142857146
2025-05-29,Thursday,Biryani,27,30,0,Normal,155,139,132.57142857142858
2025-05-29,Thursday,Dosa,25,2,0,Normal,91,118,89.28571428571429
2025-05-29,Thursday,Rice,25,5,0,Normal,70,82,65.42857142857143
2025-05-29,Thursday,Sandwich,26,20,0,Normal,54,55,48.857142857142854
2025-05-29,Thursday,Poha,32,30,0,Normal,13,65,47.285714285714285
2025-05-30,Friday,Biryani,28,30,0,Exam,139,126,131.28571428571428
2025-05-30,Friday,Dosa,34,5,0,Festival,118,128,90.28571428571429
2025-05-30,Friday,Rice,31,0,1,Exam,82,28,67.28571428571429
2025-05-30,Friday,Sandwich,35,20,0,Normal,55,46,48.142857142857146
2025-05-30,Friday,Poha,29,0,0,Normal,65,81,48.42857142857143
2025-05-31,Saturday,Biryani,29,0,0,Normal,126,79,126.14285714285714
2025-05-31,Saturday,Dosa,35,0,0,Normal,128,57,93.28571428571429
2025-05-31,Saturday,Rice,26,0,0,Normal,28,46,61.285714285714285
2025-05-31,Saturday,Sandwich,25,20,0,Normal,46,30,44.857142857142854
2025-05-31,Saturday,Poha,21,20,0,Normal,81,34,50.714285714285715
2025-06-01,Sunday,Biryani,29,2,0,Normal,79,73,126.85714285714286
2025-06-01,Sunday,Dosa,35,0,0,Normal,57,60,92.57142857142857
2025-06-01,Sunday,Rice,26,0,0,Normal,46,46,63.285714285714285
2025-06-01,Sunday,Sandwich,32,0,0,Festival,30,28,45.714285714285715
2025-06-01,Sunday,Poha,34,2,0,Festival,34,51,48.57142857142857
2025-06-02,Monday,Biryani,28,30,0,Normal,73,163,126.14285714285714
2025-06-02,Monday,Dosa,31,2,0,Normal,60,116,94.28571428571429
2025-06-02,Monday,Rice,22,10,0,Normal,46,86,61.857142857142854
2025-06-02,Monday,Sandwich,27,0,1,Normal,28,10,46.0
2025-06-02,Monday,Poha,22,10,0,Exam,51,69,46.857142857142854
2025-06-03,Tuesday,Biryani,27,0,0,Normal,163,149,127.57142857142857
2025-06-03,Tuesday,Dosa,25,20,0,Exam,116,70,95.85714285714286
2025-06-03,Tuesday,Rice,35,0,1,Festival,86,32,62.42857142857143
2025-06-03,Tuesday,Sandwich,27,0,0,Normal,10,65,41.0
2025-06-03,Tuesday,Poha,32,10,0,Normal,69,59,55.0
2025-06-04,Wednesday,Biryani,28,0,0,Normal,149,162,126.28571428571429
2025-06-04,Wednesday,Dosa,32,20,0,Normal,70,103,91.42857142857143
2025-06-04,Wednesday,Rice,32,0,0,Normal,32,75,55.714285714285715
2025-06-04,Wednesday,Sandwich,27,30,0,Normal,65,42,41.142857142857146
2025-06-04,Wednesday,Poha,27,30,0,Normal,59,70,53.142857142857146
2025-06-05,Thursday,Biryani,25,0,0,Festival,162,192,127.28571428571429
2025-06-05,Thursday,Dosa,35,0,0,Normal,103,119,93.14285714285714
2025-06-05,Thursday,Rice,35,0,0,Normal,75,86,56.42857142857143
2025-06-05,Thursday,Sandwich,28,2,0,Normal,42,44,39.42857142857143
2025-06-05,Thursday,Poha,28,0,0,Normal,70,77,61.285714285714285
2025-06-06,Friday,Biryani,22,10,0,Normal,192,155,134.85714285714286
2025-06-06,Friday,Dosa,28,5,0,Normal,119,108,93.28571428571429
2025-06-06,Friday,Rice,20,5,0,Normal,86,95,57.0
2025-06-06,Friday,Sandwich,20,0,0,Normal,44,62,37.857142857142854
2025-06-06,Friday,Poha,26,30,0,Normal,77,60,63.0
2025-06-07,Saturday,Biryani,27,10,0,Normal,155,91,139.0
2025-06-07,Saturday,Dosa,20,0,0,Normal,108,70,90.42857142857143
2025-06-07,Saturday,Rice,25,5,0,Exam,95,54,66.57142857142857
2025-06-07,Saturday,Sandwich,26,2,0,Normal,62,28,40.142857142857146
2025-06-07,Saturday,Poha,32,0,0,Normal,60,44,60.0
2025-06-08,Sunday,Biryani,26,0,0,Normal,91,79,140.71428571428572
2025-06-08,Sunday,Dosa,31,0,0,Exam,70,49,92.28571428571429
2025-06-08,Sunday,Rice,34,30,1,Normal,54,10,67.71428571428571
2025-06-08,Sunday,Sandwich,34,0,0,Normal,28,27,39.857142857142854
2025-06-08,Sunday,Poha,33,0,1,Normal,44,16,61.42857142857143
2025-06-09,Monday,Biryani,27,2,1,Exam,79,58,141.57142857142858
2025-06-09,Monday,Dosa,29,30,0,Normal,49,104,90.71428571428571
2025-06-09,Monday,Rice,34,0,0,Exam,10,84,62.57142857142857
2025-06-09,Monday,Sandwich,26,0,0,Normal,27,73,39.714285714285715
2025-06-09,Monday,Poha,22,0,0,Exam,16,66,56.42857142857143
2025-06-10,Tuesday,Biryani,25,0,0,Normal,58,153,126.57142857142857
2025-06-10,Tuesday,Dosa,33,2,0,Normal,104,111,89.0
2025-06-10,Tuesday,Rice,28,0,0,Normal,84,73,62.285714285714285
2025-06-10,Tuesday,Sandwich,22,2,0,Exam,73,52,48.714285714285715
2025-06-10,Tuesday,Poha,21,2,1,Normal,66,31,56.0
2025-06-11,Wednesday,Biryani,29,2,0,Normal,153,144,127.14285714285714
2025-06-11,Wednesday,Dosa,32,2,0,Exam,111,107,94.85714285714286
2025-06-11,Wednesday,Rice,22,5,0,Normal,73,88,68.14285714285714
2025-06-11,Wednesday,Sandwich,29,10,0,Normal,52,49,46.857142857142854
2025-06-11,Wednesday,Poha,33,0,1,Normal,31,12,52.0
2025-06-12,Thursday,Biryani,34,0,0,Normal,144,138,124.57142857142857
2025-06-12,Thursday,Dosa,24,5,0,Normal,107,111,95.42857142857143
2025-06-12,Thursday,Rice,25,20,0,Normal,88,73,70.0
2025-06-12,Thursday,Sandwich,33,10,0,Normal,49,54,47.857142857142854
2025-06-12,Thursday,Poha,20,20,0,Festival,12,65,43.714285714285715
2025-06-13,Friday,Biryani,27,10,0,Normal,138,145,116.85714285714286
2025-06-13,Friday,Dosa,20,0,0,Normal,111,106,94.28571428571429
2025-06-13,Friday,Rice,26,2,0,Normal,73,82,68.14285714285714
2025-06-13,Friday,Sandwich,23,0,0,Normal,54,59,49.285714285714285
2025-06-13,Friday,Poha,33,0,0,Normal,65,68,42.0
2025-06-14,Saturday,Biryani,22,10,0,Normal,145,69,115.42857142857143
2025-06-14,Saturday,Dosa,22,0,0,Exam,106,61,94.0
2025-06-14,Saturday,Rice,32,0,0,Festival,82,66,66.28571428571429
2025-06-14,Saturday,Sandwich,25,5,0,Normal,59,27,48.857142857142854
2025-06-14,Saturday,Poha,34,0,0,Normal,68,39,43.142857142857146
2025-06-15,Sunday,Biryani,21,2,0,Normal,69,70,112.28571428571429
2025-06-15,Sunday,Dosa,30,0,0,Exam,61,55,92.71428571428571
2025-06-15,Sunday,Rice,26,5,0,Normal,66,39,68.0
2025-06-15,Sunday,Sandwich,29,0,0,Exam,27,19,48.714285714285715
2025-06-15,Sunday,Poha,33,0,0,Normal,39,22,42.42857142857143
2025-06-16,Monday,Biryani,29,0,0,Exam,70,126,111.0
2025-06-16,Monday,Dosa,34,2,0,Normal,55,119,93.57142857142857
2025-06-16,Monday,Rice,23,0,0,Normal,39,91,72.14285714285714
2025-06-16,Monday,Sandwich,35,30,0,Normal,19,60,47.57142857142857
2025-06-16,Monday,Poha,24,20,0,Normal,22,66,43.285714285714285
2025-06-17,Tuesday,Biryani,26,0,1,Normal,126,45,120.71428571428571
2025-06-17,Tuesday,Dosa,31,0,0,Normal,119,102,95.71428571428571
2025-06-17,Tuesday,Rice,29,5,0,Normal,91,75,73.14285714285714
2025-06-17,Tuesday,Sandwich,35,20,0,Normal,60,36,45.714285714285715
2025-06-17,Tuesday,Poha,29,20,0,Normal,66,79,43.285714285714285
2025-06-18,Wednesday,Biryani,26,10,0,Normal,45,138,105.28571428571429
2025-06-18,Wednesday,Dosa,30,0,0,Festival,102,130,94.42857142857143
2025-06-18,Wednesday,Rice,26,0,0,Normal,75,77,73.42857142857143
2025-06-18,Wednesday,Sandwich,22,0,0,Normal,36,44,43.42857142857143
2025-06-18,Wednesday,Poha,25,10,0,Normal,79,59,50.142857142857146
2025-06-19,Thursday,Biryani,23,30,0,Normal,138,146,104.42857142857143
2025-06-19,Thursday,Dosa,30,2,0,Normal,130,99,97.71428571428571
2025-06-19,Thursday,Rice,31,0,0,Exam,77,74,71.85714285714286
2025-06-19,Thursday,Sandwich,32,0,0,Normal,44,56,42.714285714285715
2025-06-19,Thursday,Poha,24,0,0,Exam,59,60,56.857142857142854
2025-06-20,Friday,Biryani,32,20,0,Normal,146,150,105.57142857142857
2025-06-20,Friday,Dosa,23,0,0,Exam,99,100,96.0
2025-06-20,Friday,Rice,30,20,0,Normal,74,64,72.0
2025-06-20,Friday,Sandwich,35,5,0,Normal,56,41,43.0
2025-06-20,Friday,Poha,32,0,0,Normal,60,60,56.142857142857146
2025-06-21,Saturday,Biryani,28,0,0,Normal,150,74,106.28571428571429
2025-06-21,Saturday,Dosa,34,10,0,Normal,100,61,95.14285714285714
2025-06-21,Saturday,Rice,25,5,0,Normal,64,61,69.42857142857143
2025-06-21,Saturday,Sandwich,29,0,0,Normal,41,27,40.42857142857143
2025-06-21,Saturday,Poha,22,2,0,Normal,60,30,55.0
2025-06-22,Sunday,Biryani,24,10,0,Normal,74,91,107.0
2025-06-22,Sunday,Dosa,35,20,0,Festival,61,74,95.14285714285714
2025-06-22,Sunday,Rice,30,0,0,Normal,61,48,68.71428571428571
2025-06-22,Sunday,Sandwich,31,0,0,Festival,27,56,40.42857142857143
2025-06-22,Sunday,Poha,20,5,0,Exam,30,38,53.714285714285715
2025-06-23,Monday,Biryani,22,0,1,Normal,91,77,110.0
2025-06-23,Monday,Dosa,32,0,0,Exam,74,101,97.85714285714286
2025-06-23,Monday,Rice,35,0,0,Normal,48,84,70.0
2025-06-23,Monday,Sandwich,32,5,0,Normal,56,50,45.714285714285715
2025-06-23,Monday,Poha,28,20,0,Normal,38,73,56.0
2025-06-24,Tuesday,Biryani,21,0,0,Normal,77,160,103.0
2025-06-24,Tuesday,Dosa,35,0,0,Normal,101,114,95.28571428571429
2025-06-24,Tuesday,Rice,31,10,0,Normal,84,73,69.0
2025-06-24,Tuesday,Sandwich,34,20,0,Normal,50,60,44.285714285714285
2025-06-24,Tuesday,Poha,27,0,0,Exam,73,67,57.0
2025-06-25,Wednesday,Biryani,29,0,0,Normal,160,147,119.42857142857143
2025-06-25,Wednesday,Dosa,23,10,0,Festival,114,113,97.0
2025-06-25,Wednesday,Rice,32,5,1,Normal,73,35,68.71428571428571
2025-06-25,Wednesday,Sandwich,35,10,0,Festival,60,56,47.714285714285715
2025-06-25,Wednesday,Poha,26,0,0,Normal,67,67,55.285714285714285
2025-06-26,Thursday,Biryani,32,20,0,Normal,147,134,120.71428571428571
2025-06-26,Thursday,Dosa,24,0,0,Normal,113,84,94.57142857142857
2025-06-26,Thursday,Rice,30,0,0,Normal,35,85,62.714285714285715
2025-06-26,Thursday,Sandwich,33,0,0,Exam,56,35,49.42857142857143
2025-06-26,Thursday,Poha,30,20,0,Normal,67,59,56.42857142857143
2025-06-27,Friday,Biryani,21,5,0,Normal,134,160,119.0
2025-06-27,Friday,Dosa,26,2,0,Normal,84,104,92.42857142857143
2025-06-27,Friday,Rice,35,30,0,Exam,85,65,64.28571428571429
2025-06-27,Friday,Sandwich,29,2,0,Normal,35,57,46.42857142857143
2025-06-27,Friday,Poha,35,0,0,Normal,59,78,56.285714285714285
2025-06-28,Saturday,Biryani,30,0,0,Normal,160,80,120.42857142857143
2025-06-28,Saturday,Dosa,22,10,0,Normal,104,68,93.0
2025-06-28,Saturday,Rice,31,10,0,Normal,65,37,64.42857142857143
2025-06-28,Saturday,Sandwich,27,0,1,Normal,57,16,48.714285714285715
2025-06-28,Saturday,Poha,29,0,0,Exam,78,44,58.857142857142854
2025-06-29,Sunday,Biryani,22,2,0,Normal,80,86,121.28571428571429
2025-06-29,Sunday,Dosa,29,0,1,Normal,68,16,94.0
2025-06-29,Sunday,Rice,23,0,0,Exam,37,28,61.0
2025-06-29,Sunday,Sandwich,27,2,0,Exam,16,22,47.142857142857146
2025-06-29,Sunday,Poha,22,20,0,Normal,44,44,60.857142857142854
